<?xml version="1.0" encoding="UTF-8"?>
<!DOCTYPE tiles-definitions PUBLIC  "-//Apache Software Foundation//DTD Tiles Configuration 3.0//EN"  "http://tiles.apache.org/dtds/tiles-config_3_0.dtd">
<tiles-definitions>
	<definition name="baseLayout" template="/WEB-INF/views/layout/layout.jsp">
		<put-attribute name="title" value="" />
		<put-attribute name="header" value="/WEB-INF/views/layout/header.jsp" />
		<put-attribute name="menu" value="/WEB-INF/views/layout/menu.jsp" />
		<put-attribute name="body" value="/WEB-INF/views/layout/body.jsp" />
		<put-attribute name="footer" value="/WEB-INF/views/layout/footer.jsp" />
	</definition>
	<definition name="login" template="/WEB-INF/views/bodycontents/login.jsp" />
	<definition name="index" extends="baseLayout">
		<put-attribute name="title" value="Hello Spring MVC" />
		<put-attribute name="body" value="/WEB-INF/views/bodycontents/index.jsp" />
	</definition>
</tiles-definitions>